Symbol,Company,LTP,Share Outstanding,Floated Shares,Market Cap (NPR),Floated Market Cap,Impact In NEPSE,50D Avg Volume
ACLBSL,Aarambha Chautari Laghubitta Bittiya Sanstha Limited,951,3671434,1468573.64,3491533829.10,1396613532,0.08 %,2080.74
ADBL,Agricultural Development Bank Limited,300,143055192,70097044.16,42916557651.88,21029113249,0.94 %,39728.66
AHL,Asian Hydropower Limited,579,3400000,823200.00,1968600000.00,476632800,0.04 %,9153.6
AHPC,Arun Valley Hydropower Development Co. Ltd.,272,40404028,40404028.15,10989895657.18,10989895657,0.24 %,100833.4
AKJCL,Ankhu Khola Jalvidhyut Company Ltd,312,20000000,20000000.00,6240000000.00,6240000000,0.14 %,355343.02
AKPL,Arun Kabeli Power Ltd.,271,38959421,38959421.00,10558003091.00,10558003091,0.23 %,146649.46
ALBSL,Asha Laghubitta Bittiya Sanstha Ltd,1155,8026857,2608728.45,9271019564.73,3013081359,0.20 %,30929.84
ALICL,Asian Life Insurance Co. Limited,477,50011591,24505679.80,23855529107.30,11689209263,0.52 %,51345.08
ANLB,Aatmanirbhar Laghubitta Bittiya Sanstha Limited,6051,783433,255634.13,4740551963.56,1546842106,0.10 %,324.74
API,API Power Company Limited,299.7,60759278,60759278.05,18209555633.08,18209555633,0.40 %,145638.18
AVYAN,Aviyan Laghubitta Bittiya Sanstha Limited,968,2500000,975000.00,2420000000.00,943800000,0.05 %,2866.42
BANDIPUR,Bandipur Cable Car and Tourism Limited,1080,28300000,5860930.00,30564000000.00,6329804400,0.67 %,145086.7
BARUN,Barun Hydropower Co. Ltd.,371,10975566,10975565.68,4071934868.21,4071934868,0.09 %,201402.9
BBC,Bishal Bazar Company Limited,4848.9,491400,73710.00,2382749460.00,357412419,0.05 %,385.76
BEDC,Bhugol Energy Development Company Limited,550,5440534,1525377.87,2992293700.00,838957827,0.07 %,20963.6
BFC,Best Finance Company Ltd.,484,8904242,3561696.96,4309653321.60,1723861329,0.09 %,34661.92
BGWT,Bhagawati Hydropower Development Company Ltd,793,6782399,997012.54,5378442472.98,790630941,0.12 %,3002.12
BHCL,Bikash Hydropower Company Limited,618,9091013,4454596.37,5618246034.00,2752940557,0.12 %,110101.08
BHDC,Bindhyabasini Hydropower Development Company Limited,481,11862900,11862900.00,5706054900.00,5706054900,0.13 %,42750.3
BHL,Balephi Hydropower Limited,207.5,36559400,36559400.00,7586075500.00,7586075500,0.17 %,144216.36
BHPL,Barahi Hydropower Public Limited,595,2500000,2500000.00,1487500000.00,1487500000,0.03 %,62132.68
BNHC,Buddha Bhumi Nepal Hydro Power Co. Ltd.,571,4000000,4000000.00,2284000000.00,2284000000,0.05 %,18267.06
BNL,Bottlers Nepal (Balaju) Limited,15589,1948887,179687.38,30381199443.00,2801146589,0.67 %,29.06
BNT,Bottlers Nepal (Terai) Limited,11705.2,1210000,111562.00,14163292000.00,1305855522,0.31 %,181.34
BPCL,Butwal Power Company Limited,781.8,34090650,34090650.00,26652070170.00,26652070170,0.58 %,136637.66
BUNGAL,Bungal Hydro Limited,720,8300000,2905000.00,5976000000.00,2091600000,0.13 %,76887.7
CBBL,Chhimek Laghubitta Bikas Bank Limited,936,36172641,17724594.10,33857591990.04,16590220075,0.74 %,23682.28
CFCL,Central Finance Co. Ltd.,580,9488755,4626716.74,5503477660.65,2683495707,0.12 %,35978.6
CGH,Chandragiri Hills Limited,884,16107956,16107955.58,14239432736.26,14239432736,0.31 %,22174.7
CHCL,Chilime Hydropower Company Limited,474,94849887,94849886.74,44958846312.86,44958846313,0.99 %,42029.96
CHDC,CEDB Holdings Limited,2455,10342371,10342370.61,25390519847.55,25390519848,0.56 %,29967.08
CHL,Chhyangdi Hydropower Ltd.,287,7739550,7739550.00,2221250850.00,2221250850,0.05 %,60873.66
CIT,Citizen Investment Trust,1773,68057979,13611595.73,120666796102.13,24133359220,2.65 %,8299.8
CITY,City Hotel Limited,485,30132000,2892672.00,14614020000.00,1402945920,0.32 %,10329.66
CKHL,Chirkhwa Hydropower Limited,749.7,4000000,979300.00,2998800000.00,734181210,0.07 %,9918.84
CLI,Citizen Life Insurance Company Limited,474.1,50000000,15000000.00,23704999999.23,7111500000,0.52 %,48061.34
CORBL,Corporate Development Bank Limited,1977.1,5250000,1575000.00,10379775000.00,3113932500,0.23 %,8708.24
CREST,Crest Micro Life Insurance Ltd.,1450,7500000,2250000.00,10875000000.00,3262500000,0.24 %,20157.76
CYCL,Cyc Nepal Laghubitta Bittiya Sanstha Limited,1580,2664244,865879.27,4209505362.00,1368089243,0.09 %,3593.76
CZBIL,Citizen Bank International Limited,198.9,155098063,75998050.64,30849004637.46,15116012272,0.68 %,44546.7
DDBL,Deprosc Laghubitta Bittiya Sanstha Limited,840,20551143,10070059.93,17262959875.07,8458850339,0.38 %,10079.78
DHEL,Daramkhola Hydro Energy Limited,763,10305000,3949906.50,7862715000.00,3013778659,0.17 %,76224.22
DHPL,Dibyashwori Hydropower Ltd.,305.3,2640000,2640000.00,805992000.00,805992000,0.02 %,13218.6
DLBS,Dhaulagiri Laghubitta Bittiya Sanstha Limited,1375,1331000,427251.00,1830125000.00,587470125,0.04 %,1028.72
DOLTI,Dolti Power Company Ltd,544.9,5364860,1587999.00,2923312214.00,865300655,0.06 %,7989.82
DORDI,Dordi Khola Jalbidhyut Company Limited,284,20991579,20991579.00,5961608436.00,5961608436,0.13 %,171257.66
EBL,Everest Bank Limited,673.3,137213756,55942048.41,92386022055.65,37665781192,2.03 %,23952.48
EDBL,Excel Development Bank Ltd.,612,12496945,6123503.08,7648130377.06,3747583885,0.17 %,24275.74
EHPL,Eastern Hydropower Limited,449.8,6200000,6200000.00,2788760000.00,2788760000,0.06 %,72283.1
ENL,Emerging Nepal Limited,950,5556001,5556000.80,5278200760.00,5278200760,0.12 %,1634.46
FMDBL,First Micro Finance Development Bank Ltd.,815,13448713,6589869.49,10960701290.14,5370743632,0.24 %,29859.78
FOWAD,Forward Community Microfinance Bittiya Sanstha Ltd.,1095,11959537,3587861.13,13095693135.96,3928707941,0.29 %,2438.6
GBBL,Garima Bikas Bank Limited,396,60213484,29504607.02,23844539547.35,11683824378,0.52 %,25633.06
GBIME,Global IME Bank Limited,226.6,381158530,186005362.56,86370522859.48,42148815155,1.90 %,101744.76
GBLBS,Grameen Bikas Laghubitta Bittiya Sanstha Ltd.,778.2,10053500,2714445.00,7823633700.00,2112381099,0.17 %,9211.24
GCIL,Ghorahi Cement Industry Limited,427,50244543,9926429.68,21454419685.93,4238585473,0.47 %,25984.94
GFCL,Goodwill Finance Co. Ltd.,675,9461152,4635964.48,6386277600.00,3129276024,0.14 %,28667.3
GHL,Ghalemdi Hydro Limited,238.8,16500000,16500000.00,3940200000.00,3940200000,0.09 %,78374.06
GILB,Global IME Laghubitta Bittiya Sanstha Ltd.,1185.2,6482978,1944893.39,7683625476.48,2305087643,0.17 %,3455
GLBSL,Gurans Laghubitta Bittiya Sanstha Limited,2064,1323581,426987.07,2731870152.00,881301311,0.06 %,1404.58
GLH,GREENLIFE HYDROPOWER LIMITED,264,18000000,18000000.00,4752000000.00,4752000000,0.10 %,32965.4
GMFBS,Ganapati Microfinance Bittiya Sanstha Limited,1498,1515545,490582.02,2270286896.85,734891869,0.05 %,1071.8
GMFIL,Guheshowori Merchant Bank & Finance Co. Ltd.,493,10121760,4824030.82,4990027680.00,2378247192,0.11 %,46230.54
GMLI,Guardian Micro Life Insurance Limited,1780,7500000,2250000.00,13350000000.00,4005000000,0.29 %,4732.04
GRDBL,Green Development Bank Ltd.,1188.5,6155000,3015949.98,7315217462.11,3584456556,0.16 %,24179.98
GUFL,Gurkhas Finance Ltd.,570,8679938,4253169.62,4947564660.00,2424306683,0.11 %,24200.58
GVL,Green Ventures Limited,507,34375000,34375000.00,17428125000.00,17428125000,0.38 %,100746.12
HATHY,Hathway Investment Nepal Limited,932.6,31711680,3891888.00,29574312768.00,3629574749,0.65 %,10533.54
HBL,Himalayan Bank Limited,193.9,225816625,60993070.49,43785843645.67,11826556369,0.96 %,75843.08
HDHPC,Himal Dolakha Hydropower Company Limited,213,28000000,28000000.00,5964000000.00,5964000000,0.13 %,147128.44
HDL,Himalayan Distillery Limited,1151,36880822,15489945.22,42449826075.41,17828926952,0.93 %,61981.06
HEI,Himalayan Everest Insurance Limited,513.6,25001578,12250773.03,12840810260.93,6291997028,0.28 %,8709.54
HEIP,"Himalayan Everest Insurance Limited (Promoter)",317,2675044,0.00,847988948.00,0,0.02 %,0
HHL,Himalayan Hydropower Limited,346,10950000,10950000.00,3788700000.00,3788700000,0.08 %,37479.3
HIDCL,Hydroelectricity Investment and Development Company Ltd,266.6,249282102,49856420.39,66458608379.87,13291721676,1.46 %,124747.14
HIDCLP,"Hydroelectricity Investment and Development Company Limited (Promoter)",197,33000000,0.00,6501000000.00,0,0.14 %,0
HIMSTAR,Him Star Urja Company Limited,1050,3730000,1119000.00,3916500000.00,1174950000,0.09 %,40633.58
HLBSL,Himalayan Laghubitta Bittiya Sanstha Ltd.,918.1,3410861,1671321.94,3131511578.66,1534440674,0.07 %,2592.38
HLI,Himalayan Life Insurance Limited,370,91432373,44801862.79,33829978024.80,16576689232,0.74 %,52321.48
HPPL,Himalayan Power Partner Ltd.,473,10654170,10654170.00,5039422410.00,5039422410,0.11 %,111836.22
HRL,Himalayan Reinsurance Limited,866,108680000,31951920.00,94116880000.00,27670362720,2.07 %,138943.58
HURJA,Himalaya Urja Bikas Company Limited,248,19800000,19800000.00,4910400000.00,4910400000,0.11 %,75975.14
ICFC,ICFC Finance Limited,672,11834710,5799007.70,7952924851.20,3896933177,0.17 %,33926.56
IGI,IGI Prudential Insurance Limited,434.8,30293350,14843741.50,13171548580.00,6454058804,0.29 %,14645.8
IHL,Ingwa Hydropower Limited,587,6000000,1463297.00,3522000000.00,858955339,0.08 %,20475.76
ILBS,Infinity Laghubitta Bittiya Sanstha Limited,1013,4974224,1616622.66,5038888480.75,1637638756,0.11 %,9983.34
ILI,IME Life Insurance Company Limited,447.1,50000000,15000000.00,22355000000.00,6706500000,0.49 %,26023.2
JBBL,Jyoti Bikas Bank Limited,340,43957859,21539350.86,14945672026.00,7323379293,0.33 %,77052.26
JBLB,Jeevan Bikas Laghubitta Bittiya Sanstha Limited,1322.1,17512249,5779042.03,23152943855.16,7640471472,0.51 %,13566.62
JFL,Janaki Finance Ltd.,443,6904728,3383316.92,3058794685.19,1498809396,0.07 %,16960.1
JHAPA,Jhapa Energy limited,1473,3801900,950475.00,5600198700.00,1400049675,0.12 %,0
JOSHI,Joshi Hydropower Development Company Ltd,304,6128100,6128100.00,1862942400.00,1862942400,0.04 %,100523.38
JSLBB,Janautthan Samudayic Laghubitta Bikas Bank Ltd.,1189.9,1700919,765413.55,2023923518.10,910765583,0.04 %,1028.98
KBL,Kumari Bank Limited,189,262258634,128506730.66,49566881826.00,24287772095,1.09 %,151163.14
KBSH,Kutheli Bukhari Small Hydropower Limited,1680,1474597,144511.51,2477322540.00,242779337,0.05 %,363.84
KDL,Kalinchowk Darshan Limited,802.4,6300000,1111320.00,5055120000.00,891723168,0.11 %,4372.22
KKHC,Khanikhola Hydropower Co. Ltd.,240,8854937,8854937.00,2125184880.00,2125184880,0.05 %,65166.98
KMCDB,Kalika Microcredit Development Bank Ltd.,951,4484615,1591141.52,4264869181.69,1513175586,0.09 %,10062.2
KPCL,Kalika power Company Ltd,599,9993260,9993259.65,5985962530.35,5985962530,0.13 %,51396.24
KSBBL,Kamana Sewa Bikas Bank Limited,458,38619309,18923461.40,17687643514.01,8666945322,0.39 %,29545.2
LBBL,Lumbini Bikas Bank Ltd.,486,36236922,17756091.97,17611144276.68,8629460696,0.39 %,141271.04
LEC,Liberty Energy Company Limited,222,22500000,22500000.00,4995000000.00,4995000000,0.11 %,128345.9
LICN,Life Insurance Co. Nepal,860,55000000,17962999.91,47299999751.77,15448179919,1.04 %,23962.6
LLBS,Laxmi Laghubitta Bittiya Sanstha Ltd.,991,4416621,1324986.30,4376871411.00,1313061423,0.10 %,1207.74
LSL,Laxmi Sunrise Bank Limited,215.8,267811636,131093795.98,57793751118.50,28290041173,1.27 %,125992.76
MABEL,Mabilung Energy Ltd,838,3858240,1890537.60,3233205120.00,1584270509,0.07 %,51940.14
MAKAR,Makar Jitumaya Suri Hydropower Company Limited,558,7600000,1569372.00,4240800000.00,875709576,0.09 %,7119.08
MANDU,Mandu Hydropower Limited,820,13636370,1413817.00,11181823400.00,1159329940,0.25 %,3026.96
MATRI,Matribhumi Laghubitta Bittiya Sanstha,985.1,6283574,1885072.20,6189948747.40,1856984624,0.14 %,1548.4
MBJC,Madhya Bhotekoshi Jalavidyut Company Limited,295.3,60000000,60000000.00,17718000000.00,17718000000,0.39 %,36052.78
MBL,Machhapuchhre Bank Limited,231.9,120862116,59222436.66,28027924614.66,13733683061,0.62 %,52738.92
MCHL,Menchhiyam Hydropower Limited,449,5425833,1099531.00,2436199017.00,493689419,0.05 %,6940.3
MDB,Miteri Development Bank Limited,660,12170999,5963789.53,8032859368.65,3936101091,0.18 %,23895.48
MEHL,Manakamana Engineering Hydropower Limited,454,8000000,2576620.00,3632000000.00,1169785480,0.08 %,31932.54
MEL,Modi Energy Limited,285,29000000,6316700.00,8265000000.00,1800259500,0.18 %,32191.62
MEN,Mountain Energy Nepal Limited,590.5,31232588,31232588.49,18442843503.34,18442843503,0.40 %,93355.26
MERO,Mero Microfinance Bittiya Sanstha Ltd.,750.3,14864025,6034794.15,11152477957.50,4527906051,0.24 %,10123.32
MFIL,Manjushree Finance Ltd.,815,13515524,6622606.82,11015152157.80,5397424557,0.24 %,151265.98
MHCL,Molung Hydropower Company Limited,400,8025000,2673930.00,3210000000.00,1069572000,0.07 %,11101.02
MHL,Mandakini Hydropower Limited,521.2,6467671,6467670.85,3370950049.04,3370950049,0.07 %,26385.46
MHNL,Mountain Hydro Nepal Limited,273,12500000,12500000.00,3412500000.00,3412500000,0.07 %,26015.02
MKCL,Muktinath Krishi Company Limited,1410.1,7560000,1466640.00,10660356000.00,2068109064,0.23 %,4946.26
MKHC,Maya Khola Hydropower Company Limited,364,10000000,2352000.00,3640000000.00,856128000,0.08 %,13733.54
MKHL,Mai Khola Hydropower Limited,838,3921568,1498823.20,3286273984.00,1256013842,0.07 %,7140.12
MKJC,Mailung Khola Jal Vidhyut Company Limited,536.1,3763198,3763198.24,2017450577.39,2017450577,0.04 %,33395.58
MLBBL,Mithila LaghuBitta Bittiya Sanstha Limited,1417.5,2558436,1023374.46,3626583259.97,1450633304,0.08 %,5109.22
MLBL,Mahalaxmi Bikas Bank Ltd.,372,45112810,22105277.00,16781965392.88,8223163043,0.37 %,35952.94
MLBS,Manushi Laghubitta Bittiya Sanstha Limited,1450,1093750,393750.00,1585937500.00,570937500,0.03 %,1208.96
MLBSL,Mahila Laghubitta Bittiya Sanstha Ltd.,1916,2175625,870250.00,4168497500.00,1667399000,0.09 %,1011.24
MMKJL,Mathillo Mailun Khola Jalvidhyut Limited,604.5,10000000,1509200.00,6045000000.00,912311400,0.13 %,26488.24
MNBBL,Muktinath Bikas Bank Ltd.,362.1,80007287,39203570.48,28970638514.60,14195612872,0.64 %,46324.5
MPFL,Multipurpose Finance Company Limited,639.9,6102000,2989980.00,3904669800.00,1913288202,0.09 %,37431.04
MSHL,Mid Solu Hydropower Company Limited,830,8606600,843446.80,7143478000.00,700060844,0.16 %,1976.38
MSLB,Mahuli Samudayik Laghubitta Bittiya Sanstha Ltd.,1330,3874949,1162484.60,5153681721.13,1546104516,0.11 %,5193.84
NABBC,Narayani Development Bank Limited,1580,4943334,1433566.74,7810467088.00,2265035456,0.17 %,43589.38
NABIL,Nabil Bank Limited,497,320569970,128227988.00,159323275090.00,63729310036,3.50 %,49158.6
NADEP,Nadep Laghubittiya bittya Sanstha Ltd.,810,4857600,1457280.00,3934656000.00,1180396800,0.09 %,3069.94
NBL,Nepal Bank Limited,245.5,146940229,72000712.35,36073826288.21,17676174881,0.79 %,50104.82
NESDO,NESDO Sambridha Laghubitta Bittiya Sanstha Limited,1539,2913375,946846.88,4483684125.00,1457197341,0.10 %,1340.88
NFS,Nepal Finance Ltd.,653.5,7594468,3037787.00,4962984511.25,1985193805,0.11 %,24647.62
NGPL,Ngadi Group Power Ltd.,430,38876864,38876863.67,16717051379.17,16717051379,0.37 %,381969.86
NHDL,Nepal Hydro Developers Ltd.,671.1,4231344,4231343.63,2839654710.80,2839654711,0.06 %,20868.14
NHPC,National Hydro Power Company Limited,216.9,24671629,24671629.12,5351276356.13,5351276356,0.12 %,95849.02
NICA,NIC Asia Bank Ltd.,337.3,149175669,73096077.92,50316953228.03,24655307082,1.10 %,91278.68
NICL,Nepal Insurance Co. Ltd.,511.1,25485750,12521149.00,13025766855.67,6399559256,0.29 %,14866.86
NICLBSL,NIC ASIA Laghubitta Bittiya Sanstha Limited,569.8,17394400,5566208.00,9911329120.00,3171625318,0.22 %,12050.74
NIFRA,Nepal Infrastructure Bank Limited,268.5,216000000,86400000.00,57996000000.00,2319840000,1.27 %,145601.02
NIL,Neco Insurance Co. Ltd.,649,26915323,10766129.25,17468044700.54,6987217880,0.38 %,10121.36
NIMB,Nepal Investment Mega Bank Limited,195,341285950,70134262.72,66550760250.00,13676181231,1.46 %,99167.28
NIMBPO,"Nepal Investment Mega Bank Ltd. Promoter Share ( NIMBPO )",154.8,183075408,0.00,28340073158.40,0,0.62 %,0
NLG,NLG Insurance Company Ltd.,676,26678333,13072383.07,18034552970.02,8836930955,0.40 %,18429.18
NLIC,Nepal Life Insurance Co. Ltd.,776.9,94802014,46452986.63,73651684305.41,36089325310,1.62 %,63398.42
NLICL,National Life Insurance Co. Ltd.,590.5,56916493,19920772.58,33609189173.10,11763216211,0.74 %,23609.86
NLO,Nepal Lube Oil Limited,259.1,874352,285913.16,226544644.66,74080099,0.00 %,0
NMB,NMB Bank Limited,239.5,192850413,94496702.37,46187673913.50,22631960218,1.01 %,54372.48
NMBMF,NMB Microfinance Bittiya Sanstha Ltd.,681.6,7214492,2885796.60,4917397406.40,1966958963,0.11 %,4993.84
NMFBS,National Microfinance Bittiya Sanstha Ltd.,1105.1,15213624,3950978.24,16812576249.23,4366226052,0.37 %,5908.16
NMIC,Nepal Micro Insurance Company Ltd.,1322.1,7500000,2250000.00,9915750000.00,2974725000,0.22 %,13560.38
NMLBBL,Nerude Mirmire Laghubitta Bittiya Sanstha Limited,657.5,13977643,6780554.62,9190300272.50,4458214662,0.20 %,11869.64
NRIC,Nepal Reinsurance Company Limited,1277,134221873,21475499.74,171401332331.80,27424213173,3.76 %,63515.26
NRM,Nepal Republic Media Limited,442.2,9675000,4178880.00,4278285000.00,1847900736,0.09 %,35165.96
NRN,NRN Infrastructure and Development Limited,1545,17981212,17981211.99,27780972524.55,27780972525,0.61 %,80250
NTC,Nepal Doorsanchar Comapany Limited,858.5,180000000,15264000.00,154530000000.00,13104144000,3.39 %,15736.52
NUBL,Nirdhan Utthan Laghubitta Bittiya Sanstha Limited,723,27426837,13439150.31,19829603422.13,9716505677,0.44 %,8410.24
NWCL,Nepal Warehousing Company Ltd,965.3,6875000,1347500.00,6636437500.00,1300741750,0.15 %,7529.48
NYADI,Nyadi Hydropower Limited,410,15000000,15000000.00,6150000000.00,6150000000,0.13 %,14089.14
OHL,Oriental Hotels Limited,718,11844949,3553484.76,8504673525.60,2551402058,0.19 %,7534.68
OMPL,Om Megashree Pharmaceuticals Limited,1415,6000000,1800000.00,8490000000.00,2547000000,0.19 %,25195.92
PCBL,Prime Commercial Bank Ltd.,239.1,209547818,102678430.69,50102883220.33,24550412778,1.10 %,68389.12
PFL,Pokhara Finance Ltd.,375.5,10825566,4330226.40,4065000030.84,1626000012,0.09 %,13362.12
PHCL,Peoples Hydropower Company Limited,299,32000000,32000000.00,9568000000.00,9568000000,0.21 %,158043.98
PMHPL,Panchakanya Mai Hydropower Ltd,345,11000000,11000000.00,3795000000.00,3795000000,0.08 %,34904.36
PMLI,Prabhu Mahalaxmi Life Insurance Ltd,519.5,53077939,8136848.08,27573989414.40,4227092577,0.61 %,17552.04
PPCL,Panchthar Power Compant Limited,384,9625000,9625000.00,3696000000.00,3696000000,0.08 %,45460.44
PPL,People`s Power Limited,384,9489000,9489000.00,3643776000.00,3643776000,0.08 %,154834.54
PRIN,Prabhu Insurance Ltd.,735,1709562,8334685.24,12502027860.78,6125993652,0.27 %,13662.1
PROFL,ProgressiveFinance Limited,480,8481060,4155719.40,4070908800.00,1994745312,0.09 %,18690.66
PRVU,Prabhu Bank Limited,186,235424900,115358201.00,43789031400.00,21456625386,0.96 %,113744.18
PURE,Pure Energy Ltd,1112,8000000,1600000.00,8896000000.00,1779200000,0.20 %,47305.38
RADHI,Radhi Bidyut Company Ltd,860,18389793,18389793.21,15815222164.01,15815222164,0.35 %,199678.7
RAWA,Rawa Energy Development Limited,835,2800000,737283.00,2338000000.00,615631305,0.05 %,2575.32
RBCL,Rastriya Beema Company Limited,15000,2666391,327166.13,39995859000.00,4907491899,0.88 %,276.06
RFPL,River Falls Power Limited,436,14000000,14000000.00,6104000000.00,6104000000,0.13 %,140188.4
RHGCL,Rapti Hydro and General Construction Limited,303,12255876,12255876.00,3713530428.00,3713530428,0.08 %,97860.58
RHPL,RASUWAGADHI HYDROPOWER COMPANY LIMITED,292,68421000,68421000.00,19978932000.00,19978932000,0.44 %,43577.6
RIDI,Ridi Power Company Ltd.,246.5,23233518,23233518.00,5727062187.00,5727062187,0.13 %,80300.94
RLFL,Reliance Finance Ltd.,464.9,11214518,5495113.72,5213629326.72,2554678370,0.11 %,25855.08
RNLI,Reliable Nepal Life Insurance Limited,466,51968000,15590400.00,24217088000.00,7265126400,0.53 %,78569.8
RSDC,RSDC Laghubitta Bittiya Sanstha Ltd.,657.9,10340644,5066915.64,6803109800.01,3333523802,0.15 %,18302.08
RURU,Ru Ru Jalbidhyut Pariyojana Limited,668.5,6240544,6240544.24,4171803821.60,4171803822,0.09 %,19312.28
SADBL,Shangrila Development Bank Ltd.,416,37339416,18296313.70,15533196936.42,7611266499,0.34 %,37458.9
SAGAR,Sagar Distillery Limited,2130,7260000,1452000.00,15463800000.00,3092760000,0.34 %,45360.66
SAHAS,Sahas Urja Limited,564.9,45738000,45738000.00,25837396200.00,25837396200,0.57 %,111007.98
SAIL,Shreenagar Agritech Industries Ltd,1390,16312500,3262500.00,22674375000.00,4534875000,0.50 %,0
SALICO,Sagarmatha Lumbini Insurance Company Limited,607,26226382,12850927.18,15919413874.00,7800512798,0.35 %,7790.06
SANIMA,Sanima Bank Limited,333.2,135815254,66549474.51,45253642666.12,22174284906,0.99 %,76027.06
SANVI,Sanvi Energy Limited,915,8800000,3790160.00,8052000000.00,3467996400,0.18 %,89787.72
SAPDBL,Saptakoshi Development Bank Ltd,873,8343384,3608513.71,7283774493.90,3150232469,0.16 %,62573.24
SARBTM,Sarbottam Cement Limited,879.9,52242750,6288564.30,45968395725.00,5533307730,1.01 %,32689.22
SBI,Nepal SBI Bank Limited,408,113351244,34005373.17,46247307508.37,13874192253,1.01 %,45898.14
SBL,Siddhartha Bank Limited,388,147944792,72492948.07,57402579291.07,28127263853,1.26 %,91720.82
SCB,Standard Chartered Bank Limited,630,100423683,27596428.13,63266920379.79,17385749720,1.39 %,25217.5
SFCL,Samriddhi Finance Company Limited,399.5,8189115,3327237.42,3271551442.50,1329231351,0.07 %,18209.4
SGHC,Swet-Ganga Hydropower and Construction Limited,433,15930000,15930000.00,6897690000.00,6897690000,0.15 %,59696.56
SGIC,Sanima GIC Insurance Limited,482,21500000,10535000.00,10363000000.00,5077870000,0.23 %,17948.42
SHEL,Singati Hydro Energy Limited,289,30450000,30450000.00,8800050000.00,8800050000,0.19 %,107499.08
SHINE,Shine Resunga Development Bank Ltd.,410,50219727,24607666.37,20590088187.35,10089143212,0.45 %,25662.74
SHIVM,SHIVAM CEMENTS LTD,618.9,55932287,55932287.13,34616492501.66,34616492502,0.76 %,214019.76
SHL,Soaltee Hotel Limited,501.5,117511010,36428413.07,58931771463.37,18268849154,1.29 %,29918.92
SHLB,Shrijanshil Laghubitta Bittiya Sanstha Limited,1678,1093750,393750.00,1835312500.00,660712500,0.04 %,1081.8
SHPC,Sanima Mai Hydropower Ltd.,547.6,37379937,37379937.10,20469253555.96,20469253556,0.45 %,100561
SICL,Shikhar Insurance Co. Ltd.,628,30984849,15182576.21,19458485423.20,9534657857,0.43 %,8874.96
SIFC,Shree Investment Finance Co. Ltd.,648,10000007,4900003.45,6480004558.57,3175202234,0.14 %,32820.78
SIKLES,Sikles Hydropower Limited,625.1,9775000,9775000.00,6110352500.00,6110352500,0.13 %,45499.08
SINDU,Sindhu Bikash Bank Ltd,804,5574561,2731534.73,4481946778.68,2196153922,0.10 %,34226.72
SJCL,SANJEN JALAVIDHYUT COMPANY LIMITED,300,36500000,36500000.00,10950000000.00,10950000000,0.24 %,15900.26
SJLIC,Suryajyoti Life Insurance Company Limited,448.9,50119478,24558544.21,22498633662.80,11024330495,0.49 %,76453.02
SKBBL,Sana Kisan Bikas Bank Ltd,782,49271701,14781510.22,38530469970.32,11559140991,0.85 %,14030.22
SLBBL,Swarojgar Laghu Bitta Bikas Bank Ltd.,838,8956336,4388604.77,7505409794.26,3677650799,0.16 %,12375.6
SLBSL,Samudayik Laghubitta Bittiya Sanstha Limited,1340,1708050,518393.17,2288787000.00,694646855,0.05 %,2211.94
SMATA,Samata Gharelu Laghubitta Bittiya Sanstha Limited,802,6605041,1981512.45,5297243270.97,1589172981,0.12 %,9641.88
SMB,Support Microfinance Bittiya Sanstha Ltd.,1951,1340756,402226.73,2615814500.22,784744350,0.06 %,2190.3
SMFBS,Swabhimaan Laghubitta Bittiya Sanstha Limited,1673.8,1534441,492709.08,2568347715.25,824696451,0.06 %,1500.78
SMH,Supermai Hydropower Limited,747.9,5350000,524300.00,4001265000.00,392123970,0.09 %,3063.16
SMHL,Super Madi Hydropower Limited,525,23152500,2268945.00,12155062500.00,1191196125,0.27 %,32801.5
SMJC,Sagarmatha Jalbidhyut Company Limited,493.6,11732000,4438215.60,5790915200.00,2190703220,0.13 %,11504.84
SMPDA,Sampada Laghubitta Bittiya Sanstha Limited,885,7008584,2265174.35,6202596840.00,2004679299,0.14 %,6549.8
SNLI,Sun Nepal Life Insurance Company Limited,472.3,52827878,15848363.47,24950606897.48,7485182069,0.55 %,61729.62
SONA,Sonapur Minerals and Oil Limited,436.1,30750500,11557396.00,13410293050.00,5040180396,0.29 %,40355.8
SPC,Samling Power Company Limited,525.6,5000000,5000000.00,2628000000.00,2628000000,0.06 %,31740.26
SPDL,Synergy Power Development Ltd.,422.9,13308488,13308487.50,5628159363.75,5628159364,0.12 %,143150.66
SPHL,Sayapatri Hydropower Limited,600.1,3000000,3000000.00,1800300000.00,1800300000,0.04 %,18037.66
SPIL,Siddhartha Premier Insurance Limited,713,28065499,13752094.51,20010700787.00,9805243386,0.44 %,11981.28
SPL,Shuvam Power Limited,913,2000000,568970.00,1826000000.00,519469610,0.04 %,2387.12
SRLI,Sanima Reliance Life Insurance Limited,394,50149241,24573127.87,19758800779.00,9681812382,0.43 %,38582.06
SSHL,Shiva Shree Hydropower Ltd,196,18541483,18541483.00,3634130668.00,3634130668,0.08 %,195336.06
STC,Salt Trading Corporation,5650,3207170,2525325.31,18120507977.27,14268087981,0.40 %,1719.12
SWASTIK,Swastik Laghubitta Bittiya Sanstha Limited,3031,577500,231000.00,1750402500.00,700161000,0.04 %,4649.8
SWBBL,Swabalamban Laghubitta Bittiya Sanstha Limited,752,17500000,5250000.02,13160000062.56,3948000019,0.29 %,6813.18
SWMF,Suryodaya Womi Laghubitta Bittiya Sanstha Limited,688,11062863,5420802.87,7611249738.50,3729512372,0.17 %,4544.94
SYPNL,SY Panel Nepal Limited,1940,13081371,5232548.40,25377859740.00,10151143896,0.56 %,0
TAMOR,Sanima Middle Tamor Hydropower Limited,458,33325000,4998750.00,15262850000.00,2289427500,0.33 %,16959.22
TPC,Terhathum Power Company Limited,379,8000000,8000000.00,3032000000.00,3032000000,0.07 %,97605.06
TRH,Taragaon Regency Hotel Limited,754,19621202,13568060.91,14794386006.40,10230317923,0.32 %,3891.84
TSHL,Three Star Hydropower Limited,800,4925000,723975.00,3940000000.00,579180000,0.09 %,12563.86
TTL,Trade Tower Limited,1004,8156097,3972019.24,8188721388.00,3987907316,0.18 %,77556.38
TVCL,Trishuli Jal Vidhyut Company Limited,548,17891628,2572594.56,9804611979.60,1409781817,0.22 %,20969.98
UAIL,United Ajod Insurance Limited,464,23099995,11318997.48,10718397609.37,5252014829,0.24 %,17278.1
UHEWA,Upper Hewakhola Hydropower Company Limited,563.1,5750000,5750000.00,3237825000.00,3237825000,0.07 %,23768.74
ULBSL,Upakar Laghubitta Bittiya Sanstha Limited,3300,1061480,382132.80,3502884000.00,1261038240,0.08 %,1321.92
ULHC,Upper Lohore Hydropower Company Limited,493,5098040,2251515.00,2513333720.00,1109996895,0.06 %,16961.54
UMHL,United Modi Hydropower Ltd.,687,12305000,12305000.00,8453535000.00,8453535000,0.19 %,149903.12
UMRH,United Idi-Mardi and R.B. Hydropower Limited,570,4838652,4838652.00,2758031640.00,2758031640,0.06 %,23851.66
UNHPL,Union Hydropower Limited,490,7500000,7500000.00,3675000000.00,3675000000,0.08 %,203929.3
UNL,Unilever Nepal Limited,47000,921000,138150.00,43287000000.00,6493050000,0.95 %,39.14
UNLB,Unique Nepal Laghubitta Bittiya Sanstha Ltd.,1900.1,1485750,713160.00,2823073575.00,1355075316,0.06 %,749.1
UPCL,UNIVERSAL POWER COMPANY LTD,391,24851236,24851236.18,9716833347.36,9716833347,0.21 %,146346.8
UPPER,Upper Tamakoshi Hydropower Ltd,191.5,211800000,211800000.00,40559700000.00,40559700000,0.89 %,101342.68
USHEC,Upper Solu Hydro Electric Company Limited,483.1,13500000,13500000.00,6521850000.00,6521850000,0.14 %,29387.54
USHL,Upper Syange Hydropower Limited,804.9,2200000,637100.00,1770780000.00,512801790,0.04 %,17305.06
USLB,Unnati Sahakarya Laghubitta Bittiya Sanstha Limited,1489,2468657,927968.32,3675830868.60,1381744824,0.08 %,11011.3
VLBS,Vijaya laghubitta Bittiya Sanstha Ltd.,770.4,7450404,1908048.36,5739790933.44,1469960458,0.13 %,2842.88
VLUCL,Vision Lumbini Urja Company Limited,596.1,19125000,1874250.00,11400412500.00,1117240425,0.25 %,13269.82
WNLB,Wean Nepal Laghubitta Bittiya Sanstha Ltd.,1566.6,843406,253021.65,1321279056.30,396383717,0.03 %,2284.06